﻿<?xml version="1.0" encoding="utf-8"?>
<PlaceCard>
	<AppConfig version="1.2">
		<Main transferOn="0" history="0x1c7b" singleInstance="1" cfgClone="1" autoStart="0" debugLog="0" transferLog="0">
			<Source type="1">COM3</Source>
			<Destination type="1"/>
			<Configuration custom="0x0004">PlaceCard</Configuration>
			<CSV delimiter=";" encoding="1"/>
		</Main>
		<Reader flags="2">
			<Model>0</Model>
			<Speed>0</Speed>
			<StopBits>0</StopBits>
			<ConnectTimeout>10000</ConnectTimeout>
			<ReqTimeout>3000</ReqTimeout>
			<ReqTries>2</ReqTries>
			<ConnectPeriod>3000</ConnectPeriod>
			<RxPeriod>-1</RxPeriod>
			<SearchFlags>0x0e</SearchFlags>
			<FindIp>
				<ReqTimeout>3000</ReqTimeout>
				<ReqTries>1</ReqTries>
			</FindIp>
		</Reader>
		<Formats>
			<Item1 enabled="1">
				<Name>флагман 4 байта</Name>
				<Template>%s\r</Template>
				<Params>m3210</Params>
				<Comment/>
				<KeyTypes>0x7ffff</KeyTypes>
				<KeySize>4</KeySize>
			</Item1>
			<Item2 enabled="1">
				<Name>Флагман 7 байтов</Name>
				<Template>%s\r</Template>
				<Params>m6543210</Params>
				<Comment/>
				<KeyTypes>0x7ffff</KeyTypes>
				<KeySize>7</KeySize>
			</Item2>
			<Item3 enabled="1">
				<Name>Флагман 5 байтов</Name>
				<Template>%s\r</Template>
				<Params>m43210</Params>
				<Comment/>
				<KeyTypes>0x7ffff</KeyTypes>
				<KeySize>5</KeySize>
			</Item3>
			<Item4 enabled="1">
				<Name>Флагман 6 байтов</Name>
				<Template>%s\r</Template>
				<Params>m543210</Params>
				<Comment/>
				<KeyTypes>0x7ffff</KeyTypes>
				<KeySize>6</KeySize>
			</Item4>
			<Item5 enabled="1">
				<Name>Флагман 8 байтов</Name>
				<Template>%s\r</Template>
				<Params>m76543210</Params>
				<Comment/>
				<KeyTypes>0x7ffff</KeyTypes>
				<KeySize>8</KeySize>
			</Item5>
			<Item6 enabled="1">
				<Name>Флагман 9 байтов</Name>
				<Template>%s\r</Template>
				<Params>m876543210</Params>
				<Comment/>
				<KeyTypes>0x7ffff</KeyTypes>
				<KeySize>9</KeySize>
			</Item6>
			<Item7 enabled="1">
				<Name>Флагман 10 байтов</Name>
				<Template>%s\r</Template>
				<Params>m9876543210</Params>
				<Comment/>
				<KeyTypes>0x7ffff</KeyTypes>
				<KeySize>10</KeySize>
			</Item7>
		</Formats>
		<FormatFilters>
			<Item1 tabVisible="1">
				<Name>Mifare (4 UId)</Name>
				<KeyTypes>0x0003e160</KeyTypes>
				<KeySize>4</KeySize>
			</Item1>
			<Item2 tabVisible="1">
				<Name>Mifare (7 UId)</Name>
				<KeyTypes>0x0003e1f0</KeyTypes>
				<KeySize>7</KeySize>
			</Item2>
			<Item3 tabVisible="1">
				<Name>Em-Marine,IL-100</Name>
				<KeyTypes>0x00000602</KeyTypes>
				<KeySize>0</KeySize>
			</Item3>
			<Item4 tabVisible="1">
				<Name>HID</Name>
				<KeyTypes>0x00000004</KeyTypes>
				<KeySize>0</KeySize>
			</Item4>
			<Item5 tabVisible="1">
				<Name>iCode</Name>
				<KeyTypes>0x00000008</KeyTypes>
				<KeySize>0</KeySize>
			</Item5>
		</FormatFilters>
		<Keyboard useAutoIt="0" actWindow="0">
			<AfterPressDelay>5</AfterPressDelay>
			<AfterReleaseDelay>5</AfterReleaseDelay>
			<Window>
				<Class>*</Class>
				<Title>*</Title>
				<File>*</File>
			</Window>
		</Keyboard>
		<Com2ip type="1" nvt="1">
			<Client>
				<Address>127.0.0.1:25000</Address>
				<ConnectPeriod>1000</ConnectPeriod>
			</Client>
			<Server>
				<Port>1000</Port>
				<MaxConnections>4</MaxConnections>
			</Server>
		</Com2ip>
		<Sound enabled="0">
			<Item1>%WINDIR%\Media\Windows Notify.wav</Item1>
			<Item2>%WINDIR%\Media\Windows Error.wav</Item2>
			<Item3/>
			<Item4/>
		</Sound>
		<Hotkeys enabled="1">
			<Item1 cmd="32785">0x0074</Item1>
			<Item2 cmd="32786">0x0474</Item2>
			<Item3 cmd="32787">0x0674</Item3>
			<Item4 cmd="32812">0x0253</Item4>
			<Item5 cmd="32778">0x01bf</Item5>
			<Item6 cmd="32914">0x0075</Item6>
			<Item7 cmd="32966">0x0209</Item7>
		</Hotkeys>
		<ReadKeys>
			<KeyTypes>0x7ffff</KeyTypes>
			<MfCode enabled="0" key="0xffffffffffff" flags="0" mask="0xffffffff" sector="0" block="1"/>
			<T57 enabled="0" flags="0">
				<Params>2,0,0;1,1,0;2,1,0;1,0,0;</Params>
			</T57>
		</ReadKeys>
		<MifKeys>
			<List/>
		</MifKeys>
		<KeyList noDuplicates="0">
			<Timer enabled="0" interval="1000"/>
			<List/>
		</KeyList>
		<UI confirm="0xf7f0c" alwaysOnTop="0" snapToEdges="1" keyView="4" expert="0" page="4" panels="0x0f" versionTitle="1" pages="0x91" taskbarButton="1" altListBkColor="1">
			<Expert panels="0x0f" pages="0x1ffe"/>
			<Language>0x0419</Language>
			<TrayIcon mClickCmd="0" lDblClkCmd="0" flags="0" lClickCmd="32820" mDblClkCmd="0"/>
			<FormPos>
				<AppWin flags="0">[538,45,725,642]</AppWin>
				<Presets/>
				<FormatFilters/>
				<Format flags="0">[64,121,516,604]</Format>
				<ColumnList/>
				<ManageSettings>[654,107,492,518]</ManageSettings>
			</FormPos>
			<PageList collapsed="0"/>
			<Presets hideColums="0xbc" autoColums="0x40">
				<Columns>
					<Item1 order="0" width="35" align="0"/>
					<Item2 order="1" width="185" align="0"/>
					<Item3 order="2" width="50" align="0"/>
					<Item4 order="3" width="50" align="0"/>
					<Item5 order="4" width="45" align="0"/>
					<Item6 order="5" width="45" align="0"/>
					<Item7 order="6" width="0" align="0"/>
					<Item8 order="7" width="100" align="0"/>
				</Columns>
			</Presets>
			<Formats onlyEnabled="0" autoColums="0x40" sortColumn="2" filter="0" hideColums="0xbc">
				<Columns>
					<Item1 order="0" width="35" align="0"/>
					<Item2 order="1" width="232" align="0"/>
					<Item3 order="2" width="50" align="0"/>
					<Item4 order="3" width="50" align="0"/>
					<Item5 order="4" width="45" align="0"/>
					<Item6 order="5" width="45" align="0"/>
					<Item7 order="6" width="450" align="0"/>
					<Item8 order="7" width="100" align="0"/>
				</Columns>
			</Formats>
			<FormatFilters autoColums="0x02" sortColumn="0" hideColums="0">
				<Columns>
					<Item1 order="0" width="35" align="0"/>
					<Item2 order="1" width="0" align="0"/>
					<Item3 order="2" width="100" align="0"/>
					<Item4 order="3" width="45" align="0"/>
				</Columns>
			</FormatFilters>
			<Main>
				<Columns>
					<Item1 order="0" width="110" align="0"/>
					<Item2 order="1" width="60" align="0"/>
					<Item3 order="2" width="393" align="0"/>
				</Columns>
			</Main>
			<Sound>
				<Columns>
					<Item1 order="0" width="150" align="0"/>
					<Item2 order="1" width="0" align="0"/>
					<Item3 order="1" width="25" align="2"/>
					<Item4 order="2" width="25" align="2"/>
					<Item5 order="3" width="25" align="2"/>
				</Columns>
			</Sound>
			<Hotkeys onlyAssigned="0">
				<Columns>
					<Item1 order="0" width="361" align="0"/>
					<Item2 order="1" width="150" align="0"/>
					<Item3 order="2" width="35" align="0"/>
				</Columns>
			</Hotkeys>
			<OpenConfig>
				<Columns>
					<Item1 order="0" width="35" align="0"/>
					<Item2 order="1" width="0" align="0"/>
					<Item3 order="2" width="150" align="0"/>
				</Columns>
			</OpenConfig>
			<KeyList onlyUnsent="0" autoColums="0x04" sortColumn="-3" hideColums="0" import="1" export="1">
				<Columns>
					<Item1 order="0" width="35" align="0"/>
					<Item2 order="1" width="65" align="0"/>
					<Item3 order="2" width="908" align="0"/>
					<Item4 order="3" width="101" align="0"/>
					<Item5 order="4" width="141" align="0"/>
				</Columns>
			</KeyList>
			<ColumnList sortColumn="0">
				<Columns>
					<Item1 order="0" width="35" align="0"/>
					<Item2 order="1" width="0" align="0"/>
					<Item3 order="2" width="95" align="0"/>
					<Item4 order="3" width="50" align="2"/>
				</Columns>
			</ColumnList>
			<ReadKeys flags="0"/>
			<AdvancedEx>
				<Columns>
					<Item1 order="0" width="300" align="0"/>
					<Item2 order="1" width="246" align="0"/>
				</Columns>
				<Collapsed/>
			</AdvancedEx>
		</UI>
		<LastTransferInfo>
			<Time/>
			<Key type="0"/>
			<Format/>
			<Transferred/>
			<Window/>
			<Status code="0"/>
			<Counter>0</Counter>
		</LastTransferInfo>
	</AppConfig>
</PlaceCard>
